{
  "2700000": {
    "zipcode": "2700000",
    "prefectureCode": "12",
    "prefectureNumber": 12,
    "prefecture": "千葉県",
    "city": "松戸市",
    "town": "以下に掲載がない場合"
  },
  "2700001": {
    "zipcode": "2700001",
    "prefectureCode": "12",
    "prefectureNumber": 12,
    "prefecture": "千葉県",
    "city": "松戸市",
    "town": "幸田"
  },
  "2700002": {
    "zipcode": "2700002",
    "prefectureCode": "12",
    "prefectureNumber": 12,
    "prefecture": "千葉県",
    "city": "松戸市",
    "town": "平賀"
  },
  "2700003": {
    "zipcode": "2700003",
    "prefectureCode": "12",
    "prefectureNumber": 12,
    "prefecture": "千葉県",
    "city": "松戸市",
    "town": "東平賀"
  },
  "2700004": {
    "zipcode": "2700004",
    "prefectureCode": "12",
    "prefectureNumber": 12,
    "prefecture": "千葉県",
    "city": "松戸市",
    "town": "殿平賀"
  },
  "2700005": {
    "zipcode": "2700005",
    "prefectureCode": "12",
    "prefectureNumber": 12,
    "prefecture": "千葉県",
    "city": "松戸市",
    "town": "大谷口"
  },
  "2700006": {
    "zipcode": "2700006",
    "prefectureCode": "12",
    "prefectureNumber": 12,
    "prefecture": "千葉県",
    "city": "松戸市",
    "town": "大金平"
  },
  "2700007": {
    "zipcode": "2700007",
    "prefectureCode": "12",
    "prefectureNumber": 12,
    "prefecture": "千葉県",
    "city": "松戸市",
    "town": "中金杉"
  },
  "2700011": {
    "zipcode": "2700011",
    "prefectureCode": "12",
    "prefectureNumber": 12,
    "prefecture": "千葉県",
    "city": "松戸市",
    "town": "根木内"
  },
  "2700012": {
    "zipcode": "2700012",
    "prefectureCode": "12",
    "prefectureNumber": 12,
    "prefecture": "千葉県",
    "city": "松戸市",
    "town": "久保平賀"
  },
  "2700013": {
    "zipcode": "2700013",
    "prefectureCode": "12",
    "prefectureNumber": 12,
    "prefecture": "千葉県",
    "city": "松戸市",
    "town": "小金きよしケ丘"
  },
  "2700014": {
    "zipcode": "2700014",
    "prefectureCode": "12",
    "prefectureNumber": 12,
    "prefecture": "千葉県",
    "city": "松戸市",
    "town": "小金"
  },
  "2700015": {
    "zipcode": "2700015",
    "prefectureCode": "12",
    "prefectureNumber": 12,
    "prefecture": "千葉県",
    "city": "松戸市",
    "town": "小金上総町"
  },
  "2700016": {
    "zipcode": "2700016",
    "prefectureCode": "12",
    "prefectureNumber": 12,
    "prefecture": "千葉県",
    "city": "松戸市",
    "town": "小金清志町"
  },
  "2700017": {
    "zipcode": "2700017",
    "prefectureCode": "12",
    "prefectureNumber": 12,
    "prefecture": "千葉県",
    "city": "松戸市",
    "town": "幸谷"
  },
  "2700018": {
    "zipcode": "2700018",
    "prefectureCode": "12",
    "prefectureNumber": 12,
    "prefecture": "千葉県",
    "city": "松戸市",
    "town": "上総内"
  },
  "2700021": {
    "zipcode": "2700021",
    "prefectureCode": "12",
    "prefectureNumber": 12,
    "prefecture": "千葉県",
    "city": "松戸市",
    "town": "小金原"
  },
  "2700022": {
    "zipcode": "2700022",
    "prefectureCode": "12",
    "prefectureNumber": 12,
    "prefecture": "千葉県",
    "city": "松戸市",
    "town": "栗ケ沢"
  },
  "2700023": {
    "zipcode": "2700023",
    "prefectureCode": "12",
    "prefectureNumber": 12,
    "prefecture": "千葉県",
    "city": "松戸市",
    "town": "八ケ崎"
  },
  "2700024": {
    "zipcode": "2700024",
    "prefectureCode": "12",
    "prefectureNumber": 12,
    "prefecture": "千葉県",
    "city": "松戸市",
    "town": "八ケ崎緑町"
  },
  "2700025": {
    "zipcode": "2700025",
    "prefectureCode": "12",
    "prefectureNumber": 12,
    "prefecture": "千葉県",
    "city": "松戸市",
    "town": "中和倉"
  },
  "2700026": {
    "zipcode": "2700026",
    "prefectureCode": "12",
    "prefectureNumber": 12,
    "prefecture": "千葉県",
    "city": "松戸市",
    "town": "三ケ月"
  },
  "2700027": {
    "zipcode": "2700027",
    "prefectureCode": "12",
    "prefectureNumber": 12,
    "prefecture": "千葉県",
    "city": "松戸市",
    "town": "二ツ木"
  },
  "2700028": {
    "zipcode": "2700028",
    "prefectureCode": "12",
    "prefectureNumber": 12,
    "prefecture": "千葉県",
    "city": "松戸市",
    "town": "二ツ木二葉町"
  },
  "2700031": {
    "zipcode": "2700031",
    "prefectureCode": "12",
    "prefectureNumber": 12,
    "prefecture": "千葉県",
    "city": "松戸市",
    "town": "横須賀"
  },
  "2700032": {
    "zipcode": "2700032",
    "prefectureCode": "12",
    "prefectureNumber": 12,
    "prefecture": "千葉県",
    "city": "松戸市",
    "town": "新松戸北"
  },
  "2700033": {
    "zipcode": "2700033",
    "prefectureCode": "12",
    "prefectureNumber": 12,
    "prefecture": "千葉県",
    "city": "松戸市",
    "town": "新松戸東"
  },
  "2700034": {
    "zipcode": "2700034",
    "prefectureCode": "12",
    "prefectureNumber": 12,
    "prefecture": "千葉県",
    "city": "松戸市",
    "town": "新松戸"
  },
  "2700035": {
    "zipcode": "2700035",
    "prefectureCode": "12",
    "prefectureNumber": 12,
    "prefecture": "千葉県",
    "city": "松戸市",
    "town": "新松戸南"
  },
  "2700036": {
    "zipcode": "2700036",
    "prefectureCode": "12",
    "prefectureNumber": 12,
    "prefecture": "千葉県",
    "city": "松戸市",
    "town": "大谷口新田"
  },
  "2700100": {
    "zipcode": "2700100",
    "prefectureCode": "12",
    "prefectureNumber": 12,
    "prefecture": "千葉県",
    "city": "流山市",
    "town": "以下に掲載がない場合"
  },
  "2700101": {
    "zipcode": "2700101",
    "prefectureCode": "12",
    "prefectureNumber": 12,
    "prefecture": "千葉県",
    "city": "流山市",
    "town": "東深井"
  },
  "2700102": {
    "zipcode": "2700102",
    "prefectureCode": "12",
    "prefectureNumber": 12,
    "prefecture": "千葉県",
    "city": "流山市",
    "town": "こうのす台"
  },
  "2700103": {
    "zipcode": "2700103",
    "prefectureCode": "12",
    "prefectureNumber": 12,
    "prefecture": "千葉県",
    "city": "流山市",
    "town": "美原"
  },
  "2700104": {
    "zipcode": "2700104",
    "prefectureCode": "12",
    "prefectureNumber": 12,
    "prefecture": "千葉県",
    "city": "流山市",
    "town": "森のロジスティクスパーク"
  },
  "2700105": {
    "zipcode": "2700105",
    "prefectureCode": "12",
    "prefectureNumber": 12,
    "prefecture": "千葉県",
    "city": "流山市",
    "town": "平方"
  },
  "2700106": {
    "zipcode": "2700106",
    "prefectureCode": "12",
    "prefectureNumber": 12,
    "prefecture": "千葉県",
    "city": "流山市",
    "town": "平方村新田"
  },
  "2700107": {
    "zipcode": "2700107",
    "prefectureCode": "12",
    "prefectureNumber": 12,
    "prefecture": "千葉県",
    "city": "流山市",
    "town": "西深井"
  },
  "2700108": {
    "zipcode": "2700108",
    "prefectureCode": "12",
    "prefectureNumber": 12,
    "prefecture": "千葉県",
    "city": "流山市",
    "town": "深井新田"
  },
  "2700111": {
    "zipcode": "2700111",
    "prefectureCode": "12",
    "prefectureNumber": 12,
    "prefecture": "千葉県",
    "city": "流山市",
    "town": "江戸川台東"
  },
  "2700112": {
    "zipcode": "2700112",
    "prefectureCode": "12",
    "prefectureNumber": 12,
    "prefecture": "千葉県",
    "city": "流山市",
    "town": "青田"
  },
  "2700113": {
    "zipcode": "2700113",
    "prefectureCode": "12",
    "prefectureNumber": 12,
    "prefecture": "千葉県",
    "city": "流山市",
    "town": "駒木台"
  },
  "2700114": {
    "zipcode": "2700114",
    "prefectureCode": "12",
    "prefectureNumber": 12,
    "prefecture": "千葉県",
    "city": "流山市",
    "town": "東初石"
  },
  "2700115": {
    "zipcode": "2700115",
    "prefectureCode": "12",
    "prefectureNumber": 12,
    "prefecture": "千葉県",
    "city": "流山市",
    "town": "江戸川台西"
  },
  "2700116": {
    "zipcode": "2700116",
    "prefectureCode": "12",
    "prefectureNumber": 12,
    "prefecture": "千葉県",
    "city": "流山市",
    "town": "中野久木"
  },
  "2700117": {
    "zipcode": "2700117",
    "prefectureCode": "12",
    "prefectureNumber": 12,
    "prefecture": "千葉県",
    "city": "流山市",
    "town": "北"
  },
  "2700118": {
    "zipcode": "2700118",
    "prefectureCode": "12",
    "prefectureNumber": 12,
    "prefecture": "千葉県",
    "city": "流山市",
    "town": "小屋"
  },
  "2700119": {
    "zipcode": "2700119",
    "prefectureCode": "12",
    "prefectureNumber": 12,
    "prefecture": "千葉県",
    "city": "流山市",
    "town": "おおたかの森北"
  },
  "2700121": {
    "zipcode": "2700121",
    "prefectureCode": "12",
    "prefectureNumber": 12,
    "prefecture": "千葉県",
    "city": "流山市",
    "town": "西初石"
  },
  "2700122": {
    "zipcode": "2700122",
    "prefectureCode": "12",
    "prefectureNumber": 12,
    "prefecture": "千葉県",
    "city": "流山市",
    "town": "大畔"
  },
  "2700123": {
    "zipcode": "2700123",
    "prefectureCode": "12",
    "prefectureNumber": 12,
    "prefecture": "千葉県",
    "city": "流山市",
    "town": "若葉台"
  },
  "2700124": {
    "zipcode": "2700124",
    "prefectureCode": "12",
    "prefectureNumber": 12,
    "prefecture": "千葉県",
    "city": "流山市",
    "town": "南"
  },
  "2700125": {
    "zipcode": "2700125",
    "prefectureCode": "12",
    "prefectureNumber": 12,
    "prefecture": "千葉県",
    "city": "流山市",
    "town": "上新宿"
  },
  "2700126": {
    "zipcode": "2700126",
    "prefectureCode": "12",
    "prefectureNumber": 12,
    "prefecture": "千葉県",
    "city": "流山市",
    "town": "上新宿新田"
  },
  "2700127": {
    "zipcode": "2700127",
    "prefectureCode": "12",
    "prefectureNumber": 12,
    "prefecture": "千葉県",
    "city": "流山市",
    "town": "富士見台"
  },
  "2700128": {
    "zipcode": "2700128",
    "prefectureCode": "12",
    "prefectureNumber": 12,
    "prefecture": "千葉県",
    "city": "流山市",
    "town": "おおたかの森西"
  },
  "2700131": {
    "zipcode": "2700131",
    "prefectureCode": "12",
    "prefectureNumber": 12,
    "prefecture": "千葉県",
    "city": "流山市",
    "town": "美田"
  },
  "2700132": {
    "zipcode": "2700132",
    "prefectureCode": "12",
    "prefectureNumber": 12,
    "prefecture": "千葉県",
    "city": "流山市",
    "town": "駒木"
  },
  "2700133": {
    "zipcode": "2700133",
    "prefectureCode": "12",
    "prefectureNumber": 12,
    "prefecture": "千葉県",
    "city": "流山市",
    "town": "十太夫"
  },
  "2700134": {
    "zipcode": "2700134",
    "prefectureCode": "12",
    "prefectureNumber": 12,
    "prefecture": "千葉県",
    "city": "流山市",
    "town": "長崎"
  },
  "2700135": {
    "zipcode": "2700135",
    "prefectureCode": "12",
    "prefectureNumber": 12,
    "prefecture": "千葉県",
    "city": "流山市",
    "town": "野々下"
  },
  "2700136": {
    "zipcode": "2700136",
    "prefectureCode": "12",
    "prefectureNumber": 12,
    "prefecture": "千葉県",
    "city": "流山市",
    "town": "古間木"
  },
  "2700137": {
    "zipcode": "2700137",
    "prefectureCode": "12",
    "prefectureNumber": 12,
    "prefecture": "千葉県",
    "city": "流山市",
    "town": "市野谷"
  },
  "2700138": {
    "zipcode": "2700138",
    "prefectureCode": "12",
    "prefectureNumber": 12,
    "prefecture": "千葉県",
    "city": "流山市",
    "town": "おおたかの森東"
  },
  "2700139": {
    "zipcode": "2700139",
    "prefectureCode": "12",
    "prefectureNumber": 12,
    "prefecture": "千葉県",
    "city": "流山市",
    "town": "おおたかの森南"
  },
  "2700141": {
    "zipcode": "2700141",
    "prefectureCode": "12",
    "prefectureNumber": 12,
    "prefecture": "千葉県",
    "city": "流山市",
    "town": "松ケ丘"
  },
  "2700142": {
    "zipcode": "2700142",
    "prefectureCode": "12",
    "prefectureNumber": 12,
    "prefecture": "千葉県",
    "city": "流山市",
    "town": "西松ケ丘"
  },
  "2700143": {
    "zipcode": "2700143",
    "prefectureCode": "12",
    "prefectureNumber": 12,
    "prefecture": "千葉県",
    "city": "流山市",
    "town": "向小金"
  },
  "2700144": {
    "zipcode": "2700144",
    "prefectureCode": "12",
    "prefectureNumber": 12,
    "prefecture": "千葉県",
    "city": "流山市",
    "town": "前ケ崎"
  },
  "2700145": {
    "zipcode": "2700145",
    "prefectureCode": "12",
    "prefectureNumber": 12,
    "prefecture": "千葉県",
    "city": "流山市",
    "town": "名都借"
  },
  "2700146": {
    "zipcode": "2700146",
    "prefectureCode": "12",
    "prefectureNumber": 12,
    "prefecture": "千葉県",
    "city": "流山市",
    "town": "芝崎"
  },
  "2700151": {
    "zipcode": "2700151",
    "prefectureCode": "12",
    "prefectureNumber": 12,
    "prefecture": "千葉県",
    "city": "流山市",
    "town": "後平井"
  },
  "2700152": {
    "zipcode": "2700152",
    "prefectureCode": "12",
    "prefectureNumber": 12,
    "prefecture": "千葉県",
    "city": "流山市",
    "town": "前平井"
  },
  "2700153": {
    "zipcode": "2700153",
    "prefectureCode": "12",
    "prefectureNumber": 12,
    "prefecture": "千葉県",
    "city": "流山市",
    "town": "中"
  },
  "2700154": {
    "zipcode": "2700154",
    "prefectureCode": "12",
    "prefectureNumber": 12,
    "prefecture": "千葉県",
    "city": "流山市",
    "town": "思井"
  },
  "2700155": {
    "zipcode": "2700155",
    "prefectureCode": "12",
    "prefectureNumber": 12,
    "prefecture": "千葉県",
    "city": "流山市",
    "town": "宮園"
  },
  "2700156": {
    "zipcode": "2700156",
    "prefectureCode": "12",
    "prefectureNumber": 12,
    "prefecture": "千葉県",
    "city": "流山市",
    "town": "西平井"
  },
  "2700157": {
    "zipcode": "2700157",
    "prefectureCode": "12",
    "prefectureNumber": 12,
    "prefecture": "千葉県",
    "city": "流山市",
    "town": "平和台"
  },
  "2700161": {
    "zipcode": "2700161",
    "prefectureCode": "12",
    "prefectureNumber": 12,
    "prefecture": "千葉県",
    "city": "流山市",
    "town": "鰭ケ崎"
  },
  "2700162": {
    "zipcode": "2700162",
    "prefectureCode": "12",
    "prefectureNumber": 12,
    "prefecture": "千葉県",
    "city": "流山市",
    "town": "木"
  },
  "2700163": {
    "zipcode": "2700163",
    "prefectureCode": "12",
    "prefectureNumber": 12,
    "prefecture": "千葉県",
    "city": "流山市",
    "town": "南流山"
  },
  "2700164": {
    "zipcode": "2700164",
    "prefectureCode": "12",
    "prefectureNumber": 12,
    "prefecture": "千葉県",
    "city": "流山市",
    "town": "流山"
  },
  "2700171": {
    "zipcode": "2700171",
    "prefectureCode": "12",
    "prefectureNumber": 12,
    "prefecture": "千葉県",
    "city": "流山市",
    "town": "上貝塚"
  },
  "2700172": {
    "zipcode": "2700172",
    "prefectureCode": "12",
    "prefectureNumber": 12,
    "prefecture": "千葉県",
    "city": "流山市",
    "town": "桐ケ谷"
  },
  "2700173": {
    "zipcode": "2700173",
    "prefectureCode": "12",
    "prefectureNumber": 12,
    "prefecture": "千葉県",
    "city": "流山市",
    "town": "谷"
  },
  "2700174": {
    "zipcode": "2700174",
    "prefectureCode": "12",
    "prefectureNumber": 12,
    "prefecture": "千葉県",
    "city": "流山市",
    "town": "下花輪"
  },
  "2700175": {
    "zipcode": "2700175",
    "prefectureCode": "12",
    "prefectureNumber": 12,
    "prefecture": "千葉県",
    "city": "流山市",
    "town": "三輪野山"
  },
  "2700176": {
    "zipcode": "2700176",
    "prefectureCode": "12",
    "prefectureNumber": 12,
    "prefecture": "千葉県",
    "city": "流山市",
    "town": "加"
  },
  "2700201": {
    "zipcode": "2700201",
    "prefectureCode": "12",
    "prefectureNumber": 12,
    "prefecture": "千葉県",
    "city": "野田市",
    "town": "関宿三軒家"
  },
  "2700202": {
    "zipcode": "2700202",
    "prefectureCode": "12",
    "prefectureNumber": 12,
    "prefecture": "千葉県",
    "city": "野田市",
    "town": "関宿台町"
  },
  "2700203": {
    "zipcode": "2700203",
    "prefectureCode": "12",
    "prefectureNumber": 12,
    "prefecture": "千葉県",
    "city": "野田市",
    "town": "関宿元町"
  },
  "2700204": {
    "zipcode": "2700204",
    "prefectureCode": "12",
    "prefectureNumber": 12,
    "prefecture": "千葉県",
    "city": "野田市",
    "town": "関宿内町"
  },
  "2700205": {
    "zipcode": "2700205",
    "prefectureCode": "12",
    "prefectureNumber": 12,
    "prefecture": "千葉県",
    "city": "野田市",
    "town": "関宿江戸町"
  },
  "2700206": {
    "zipcode": "2700206",
    "prefectureCode": "12",
    "prefectureNumber": 12,
    "prefecture": "千葉県",
    "city": "野田市",
    "town": "関宿町"
  },
  "2700211": {
    "zipcode": "2700211",
    "prefectureCode": "12",
    "prefectureNumber": 12,
    "prefecture": "千葉県",
    "city": "野田市",
    "town": "東高野"
  },
  "2700212": {
    "zipcode": "2700212",
    "prefectureCode": "12",
    "prefectureNumber": 12,
    "prefecture": "千葉県",
    "city": "野田市",
    "town": "新田戸"
  },
  "2700213": {
    "zipcode": "2700213",
    "prefectureCode": "12",
    "prefectureNumber": 12,
    "prefecture": "千葉県",
    "city": "野田市",
    "town": "桐ケ作"
  },
  "2700214": {
    "zipcode": "2700214",
    "prefectureCode": "12",
    "prefectureNumber": 12,
    "prefecture": "千葉県",
    "city": "野田市",
    "town": "柏寺"
  },
  "2700215": {
    "zipcode": "2700215",
    "prefectureCode": "12",
    "prefectureNumber": 12,
    "prefecture": "千葉県",
    "city": "野田市",
    "town": "中戸"
  },
  "2700216": {
    "zipcode": "2700216",
    "prefectureCode": "12",
    "prefectureNumber": 12,
    "prefecture": "千葉県",
    "city": "野田市",
    "town": "西高野"
  },
  "2700217": {
    "zipcode": "2700217",
    "prefectureCode": "12",
    "prefectureNumber": 12,
    "prefecture": "千葉県",
    "city": "野田市",
    "town": "はやま"
  },
  "2700221": {
    "zipcode": "2700221",
    "prefectureCode": "12",
    "prefectureNumber": 12,
    "prefecture": "千葉県",
    "city": "野田市",
    "town": "古布内"
  },
  "2700222": {
    "zipcode": "2700222",
    "prefectureCode": "12",
    "prefectureNumber": 12,
    "prefecture": "千葉県",
    "city": "野田市",
    "town": "木間ケ瀬"
  },
  "2700223": {
    "zipcode": "2700223",
    "prefectureCode": "12",
    "prefectureNumber": 12,
    "prefecture": "千葉県",
    "city": "野田市",
    "town": "岡田"
  },
  "2700224": {
    "zipcode": "2700224",
    "prefectureCode": "12",
    "prefectureNumber": 12,
    "prefecture": "千葉県",
    "city": "野田市",
    "town": "丸井"
  },
  "2700225": {
    "zipcode": "2700225",
    "prefectureCode": "12",
    "prefectureNumber": 12,
    "prefecture": "千葉県",
    "city": "野田市",
    "town": "平井"
  },
  "2700226": {
    "zipcode": "2700226",
    "prefectureCode": "12",
    "prefectureNumber": 12,
    "prefecture": "千葉県",
    "city": "野田市",
    "town": "東宝珠花"
  },
  "2700227": {
    "zipcode": "2700227",
    "prefectureCode": "12",
    "prefectureNumber": 12,
    "prefecture": "千葉県",
    "city": "野田市",
    "town": "親野井"
  },
  "2700228": {
    "zipcode": "2700228",
    "prefectureCode": "12",
    "prefectureNumber": 12,
    "prefecture": "千葉県",
    "city": "野田市",
    "town": "次木"
  },
  "2700229": {
    "zipcode": "2700229",
    "prefectureCode": "12",
    "prefectureNumber": 12,
    "prefecture": "千葉県",
    "city": "野田市",
    "town": "なみき"
  },
  "2700231": {
    "zipcode": "2700231",
    "prefectureCode": "12",
    "prefectureNumber": 12,
    "prefecture": "千葉県",
    "city": "野田市",
    "town": "小山"
  },
  "2700232": {
    "zipcode": "2700232",
    "prefectureCode": "12",
    "prefectureNumber": 12,
    "prefecture": "千葉県",
    "city": "野田市",
    "town": "莚打"
  },
  "2700233": {
    "zipcode": "2700233",
    "prefectureCode": "12",
    "prefectureNumber": 12,
    "prefecture": "千葉県",
    "city": "野田市",
    "town": "船形"
  },
  "2700234": {
    "zipcode": "2700234",
    "prefectureCode": "12",
    "prefectureNumber": 12,
    "prefecture": "千葉県",
    "city": "野田市",
    "town": "日の出町"
  },
  "2700235": {
    "zipcode": "2700235",
    "prefectureCode": "12",
    "prefectureNumber": 12,
    "prefecture": "千葉県",
    "city": "野田市",
    "town": "尾崎"
  },
  "2700236": {
    "zipcode": "2700236",
    "prefectureCode": "12",
    "prefectureNumber": 12,
    "prefecture": "千葉県",
    "city": "野田市",
    "town": "東金野井"
  },
  "2700237": {
    "zipcode": "2700237",
    "prefectureCode": "12",
    "prefectureNumber": 12,
    "prefecture": "千葉県",
    "city": "野田市",
    "town": "中里"
  },
  "2700238": {
    "zipcode": "2700238",
    "prefectureCode": "12",
    "prefectureNumber": 12,
    "prefecture": "千葉県",
    "city": "野田市",
    "town": "尾崎台"
  },
  "2700239": {
    "zipcode": "2700239",
    "prefectureCode": "12",
    "prefectureNumber": 12,
    "prefecture": "千葉県",
    "city": "野田市",
    "town": "泉"
  },
  "2701100": {
    "zipcode": "2701100",
    "prefectureCode": "12",
    "prefectureNumber": 12,
    "prefecture": "千葉県",
    "city": "我孫子市",
    "town": "以下に掲載がない場合"
  },
  "2701101": {
    "zipcode": "2701101",
    "prefectureCode": "12",
    "prefectureNumber": 12,
    "prefecture": "千葉県",
    "city": "我孫子市",
    "town": "布佐"
  },
  "2701102": {
    "zipcode": "2701102",
    "prefectureCode": "12",
    "prefectureNumber": 12,
    "prefecture": "千葉県",
    "city": "我孫子市",
    "town": "都"
  },
  "2701103": {
    "zipcode": "2701103",
    "prefectureCode": "12",
    "prefectureNumber": 12,
    "prefecture": "千葉県",
    "city": "我孫子市",
    "town": "布佐酉町"
  },
  "2701104": {
    "zipcode": "2701104",
    "prefectureCode": "12",
    "prefectureNumber": 12,
    "prefecture": "千葉県",
    "city": "我孫子市",
    "town": "新々田"
  },
  "2701105": {
    "zipcode": "2701105",
    "prefectureCode": "12",
    "prefectureNumber": 12,
    "prefecture": "千葉県",
    "city": "我孫子市",
    "town": "三河屋新田"
  },
  "2701106": {
    "zipcode": "2701106",
    "prefectureCode": "12",
    "prefectureNumber": 12,
    "prefecture": "千葉県",
    "city": "我孫子市",
    "town": "相島新田"
  },
  "2701107": {
    "zipcode": "2701107",
    "prefectureCode": "12",
    "prefectureNumber": 12,
    "prefecture": "千葉県",
    "city": "我孫子市",
    "town": "布佐下新田"
  },
  "2701108": {
    "zipcode": "2701108",
    "prefectureCode": "12",
    "prefectureNumber": 12,
    "prefecture": "千葉県",
    "city": "我孫子市",
    "town": "布佐平和台"
  },
  "2701111": {
    "zipcode": "2701111",
    "prefectureCode": "12",
    "prefectureNumber": 12,
    "prefecture": "千葉県",
    "city": "我孫子市",
    "town": "古戸"
  },
  "2701112": {
    "zipcode": "2701112",
    "prefectureCode": "12",
    "prefectureNumber": 12,
    "prefecture": "千葉県",
    "city": "我孫子市",
    "town": "新木"
  },
  "2701113": {
    "zipcode": "2701113",
    "prefectureCode": "12",
    "prefectureNumber": 12,
    "prefecture": "千葉県",
    "city": "我孫子市",
    "town": "江蔵地"
  },
  "2701114": {
    "zipcode": "2701114",
    "prefectureCode": "12",
    "prefectureNumber": 12,
    "prefecture": "千葉県",
    "city": "我孫子市",
    "town": "新木野"
  },
  "2701115": {
    "zipcode": "2701115",
    "prefectureCode": "12",
    "prefectureNumber": 12,
    "prefecture": "千葉県",
    "city": "我孫子市",
    "town": "大作新田"
  },
  "2701116": {
    "zipcode": "2701116",
    "prefectureCode": "12",
    "prefectureNumber": 12,
    "prefecture": "千葉県",
    "city": "我孫子市",
    "town": "浅間前新田"
  },
  "2701117": {
    "zipcode": "2701117",
    "prefectureCode": "12",
    "prefectureNumber": 12,
    "prefecture": "千葉県",
    "city": "我孫子市",
    "town": "下沼田"
  },
  "2701118": {
    "zipcode": "2701118",
    "prefectureCode": "12",
    "prefectureNumber": 12,
    "prefecture": "千葉県",
    "city": "我孫子市",
    "town": "新木村下"
  },
  "2701119": {
    "zipcode": "2701119",
    "prefectureCode": "12",
    "prefectureNumber": 12,
    "prefecture": "千葉県",
    "city": "我孫子市",
    "town": "南新木"
  },
  "2701121": {
    "zipcode": "2701121",
    "prefectureCode": "12",
    "prefectureNumber": 12,
    "prefecture": "千葉県",
    "city": "我孫子市",
    "town": "中峠"
  },
  "2701122": {
    "zipcode": "2701122",
    "prefectureCode": "12",
    "prefectureNumber": 12,
    "prefecture": "千葉県",
    "city": "我孫子市",
    "town": "中里"
  },
  "2701123": {
    "zipcode": "2701123",
    "prefectureCode": "12",
    "prefectureNumber": 12,
    "prefecture": "千葉県",
    "city": "我孫子市",
    "town": "日秀"
  },
  "2701124": {
    "zipcode": "2701124",
    "prefectureCode": "12",
    "prefectureNumber": 12,
    "prefecture": "千葉県",
    "city": "我孫子市",
    "town": "日秀新田"
  },
  "2701125": {
    "zipcode": "2701125",
    "prefectureCode": "12",
    "prefectureNumber": 12,
    "prefecture": "千葉県",
    "city": "我孫子市",
    "town": "中沼田"
  },
  "2701126": {
    "zipcode": "2701126",
    "prefectureCode": "12",
    "prefectureNumber": 12,
    "prefecture": "千葉県",
    "city": "我孫子市",
    "town": "中里新田"
  },
  "2701127": {
    "zipcode": "2701127",
    "prefectureCode": "12",
    "prefectureNumber": 12,
    "prefecture": "千葉県",
    "city": "我孫子市",
    "town": "中峠村下"
  },
  "2701128": {
    "zipcode": "2701128",
    "prefectureCode": "12",
    "prefectureNumber": 12,
    "prefecture": "千葉県",
    "city": "我孫子市",
    "town": "中峠台"
  },
  "2701131": {
    "zipcode": "2701131",
    "prefectureCode": "12",
    "prefectureNumber": 12,
    "prefecture": "千葉県",
    "city": "我孫子市",
    "town": "都部"
  },
  "2701132": {
    "zipcode": "2701132",
    "prefectureCode": "12",
    "prefectureNumber": 12,
    "prefecture": "千葉県",
    "city": "我孫子市",
    "town": "湖北台"
  },
  "2701133": {
    "zipcode": "2701133",
    "prefectureCode": "12",
    "prefectureNumber": 12,
    "prefecture": "千葉県",
    "city": "我孫子市",
    "town": "上沼田"
  },
  "2701134": {
    "zipcode": "2701134",
    "prefectureCode": "12",
    "prefectureNumber": 12,
    "prefecture": "千葉県",
    "city": "我孫子市",
    "town": "都部村新田"
  },
  "2701135": {
    "zipcode": "2701135",
    "prefectureCode": "12",
    "prefectureNumber": 12,
    "prefecture": "千葉県",
    "city": "我孫子市",
    "town": "都部新田"
  },
  "2701136": {
    "zipcode": "2701136",
    "prefectureCode": "12",
    "prefectureNumber": 12,
    "prefecture": "千葉県",
    "city": "我孫子市",
    "town": "岡発戸新田"
  },
  "2701137": {
    "zipcode": "2701137",
    "prefectureCode": "12",
    "prefectureNumber": 12,
    "prefecture": "千葉県",
    "city": "我孫子市",
    "town": "岡発戸"
  },
  "2701138": {
    "zipcode": "2701138",
    "prefectureCode": "12",
    "prefectureNumber": 12,
    "prefecture": "千葉県",
    "city": "我孫子市",
    "town": "下ケ戸"
  },
  "2701141": {
    "zipcode": "2701141",
    "prefectureCode": "12",
    "prefectureNumber": 12,
    "prefecture": "千葉県",
    "city": "我孫子市",
    "town": "栄"
  },
  "2701142": {
    "zipcode": "2701142",
    "prefectureCode": "12",
    "prefectureNumber": 12,
    "prefecture": "千葉県",
    "city": "我孫子市",
    "town": "泉"
  },
  "2701143": {
    "zipcode": "2701143",
    "prefectureCode": "12",
    "prefectureNumber": 12,
    "prefecture": "千葉県",
    "city": "我孫子市",
    "town": "天王台"
  },
  "2701144": {
    "zipcode": "2701144",
    "prefectureCode": "12",
    "prefectureNumber": 12,
    "prefecture": "千葉県",
    "city": "我孫子市",
    "town": "東我孫子"
  },
  "2701145": {
    "zipcode": "2701145",
    "prefectureCode": "12",
    "prefectureNumber": 12,
    "prefecture": "千葉県",
    "city": "我孫子市",
    "town": "高野山"
  },
  "2701146": {
    "zipcode": "2701146",
    "prefectureCode": "12",
    "prefectureNumber": 12,
    "prefecture": "千葉県",
    "city": "我孫子市",
    "town": "高野山新田"
  },
  "2701147": {
    "zipcode": "2701147",
    "prefectureCode": "12",
    "prefectureNumber": 12,
    "prefecture": "千葉県",
    "city": "我孫子市",
    "town": "若松"
  },
  "2701151": {
    "zipcode": "2701151",
    "prefectureCode": "12",
    "prefectureNumber": 12,
    "prefecture": "千葉県",
    "city": "我孫子市",
    "town": "本町"
  },
  "2701152": {
    "zipcode": "2701152",
    "prefectureCode": "12",
    "prefectureNumber": 12,
    "prefecture": "千葉県",
    "city": "我孫子市",
    "town": "寿"
  },
  "2701153": {
    "zipcode": "2701153",
    "prefectureCode": "12",
    "prefectureNumber": 12,
    "prefecture": "千葉県",
    "city": "我孫子市",
    "town": "緑"
  },
  "2701154": {
    "zipcode": "2701154",
    "prefectureCode": "12",
    "prefectureNumber": 12,
    "prefecture": "千葉県",
    "city": "我孫子市",
    "town": "白山"
  },
  "2701155": {
    "zipcode": "2701155",
    "prefectureCode": "12",
    "prefectureNumber": 12,
    "prefecture": "千葉県",
    "city": "我孫子市",
    "town": "我孫子新田"
  },
  "2701156": {
    "zipcode": "2701156",
    "prefectureCode": "12",
    "prefectureNumber": 12,
    "prefecture": "千葉県",
    "city": "我孫子市",
    "town": "根戸新田"
  },
  "2701157": {
    "zipcode": "2701157",
    "prefectureCode": "12",
    "prefectureNumber": 12,
    "prefecture": "千葉県",
    "city": "我孫子市",
    "town": "呼塚新田"
  },
  "2701158": {
    "zipcode": "2701158",
    "prefectureCode": "12",
    "prefectureNumber": 12,
    "prefecture": "千葉県",
    "city": "我孫子市",
    "town": "船戸"
  },
  "2701161": {
    "zipcode": "2701161",
    "prefectureCode": "12",
    "prefectureNumber": 12,
    "prefecture": "千葉県",
    "city": "我孫子市",
    "town": "布施下"
  },
  "2701162": {
    "zipcode": "2701162",
    "prefectureCode": "12",
    "prefectureNumber": 12,
    "prefecture": "千葉県",
    "city": "我孫子市",
    "town": "布施"
  },
  "2701163": {
    "zipcode": "2701163",
    "prefectureCode": "12",
    "prefectureNumber": 12,
    "prefecture": "千葉県",
    "city": "我孫子市",
    "town": "久寺家"
  },
  "2701164": {
    "zipcode": "2701164",
    "prefectureCode": "12",
    "prefectureNumber": 12,
    "prefecture": "千葉県",
    "city": "我孫子市",
    "town": "つくし野"
  },
  "2701165": {
    "zipcode": "2701165",
    "prefectureCode": "12",
    "prefectureNumber": 12,
    "prefecture": "千葉県",
    "city": "我孫子市",
    "town": "並木"
  },
  "2701166": {
    "zipcode": "2701166",
    "prefectureCode": "12",
    "prefectureNumber": 12,
    "prefecture": "千葉県",
    "city": "我孫子市",
    "town": "我孫子"
  },
  "2701167": {
    "zipcode": "2701167",
    "prefectureCode": "12",
    "prefectureNumber": 12,
    "prefecture": "千葉県",
    "city": "我孫子市",
    "town": "台田"
  },
  "2701168": {
    "zipcode": "2701168",
    "prefectureCode": "12",
    "prefectureNumber": 12,
    "prefecture": "千葉県",
    "city": "我孫子市",
    "town": "根戸"
  },
  "2701171": {
    "zipcode": "2701171",
    "prefectureCode": "12",
    "prefectureNumber": 12,
    "prefecture": "千葉県",
    "city": "我孫子市",
    "town": "弁天下"
  },
  "2701172": {
    "zipcode": "2701172",
    "prefectureCode": "12",
    "prefectureNumber": 12,
    "prefecture": "千葉県",
    "city": "我孫子市",
    "town": "北新田"
  },
  "2701173": {
    "zipcode": "2701173",
    "prefectureCode": "12",
    "prefectureNumber": 12,
    "prefecture": "千葉県",
    "city": "我孫子市",
    "town": "青山"
  },
  "2701174": {
    "zipcode": "2701174",
    "prefectureCode": "12",
    "prefectureNumber": 12,
    "prefecture": "千葉県",
    "city": "我孫子市",
    "town": "日の出"
  },
  "2701175": {
    "zipcode": "2701175",
    "prefectureCode": "12",
    "prefectureNumber": 12,
    "prefecture": "千葉県",
    "city": "我孫子市",
    "town": "青山台"
  },
  "2701176": {
    "zipcode": "2701176",
    "prefectureCode": "12",
    "prefectureNumber": 12,
    "prefecture": "千葉県",
    "city": "我孫子市",
    "town": "柴崎台"
  },
  "2701177": {
    "zipcode": "2701177",
    "prefectureCode": "12",
    "prefectureNumber": 12,
    "prefecture": "千葉県",
    "city": "我孫子市",
    "town": "柴崎"
  },
  "2701178": {
    "zipcode": "2701178",
    "prefectureCode": "12",
    "prefectureNumber": 12,
    "prefecture": "千葉県",
    "city": "我孫子市",
    "town": "南青山"
  },
  "2701300": {
    "zipcode": "2701300",
    "prefectureCode": "12",
    "prefectureNumber": 12,
    "prefecture": "千葉県",
    "city": "印西市",
    "town": "以下に掲載がない場合"
  },
  "2701313": {
    "zipcode": "2701313",
    "prefectureCode": "12",
    "prefectureNumber": 12,
    "prefecture": "千葉県",
    "city": "印西市",
    "town": "小林北"
  },
  "2701315": {
    "zipcode": "2701315",
    "prefectureCode": "12",
    "prefectureNumber": 12,
    "prefecture": "千葉県",
    "city": "印西市",
    "town": "小林浅間"
  },
  "2701316": {
    "zipcode": "2701316",
    "prefectureCode": "12",
    "prefectureNumber": 12,
    "prefecture": "千葉県",
    "city": "印西市",
    "town": "小林大門下"
  },
  "2701318": {
    "zipcode": "2701318",
    "prefectureCode": "12",
    "prefectureNumber": 12,
    "prefecture": "千葉県",
    "city": "印西市",
    "town": "小林"
  },
  "2701321": {
    "zipcode": "2701321",
    "prefectureCode": "12",
    "prefectureNumber": 12,
    "prefecture": "千葉県",
    "city": "印西市",
    "town": "相嶋"
  },
  "2701322": {
    "zipcode": "2701322",
    "prefectureCode": "12",
    "prefectureNumber": 12,
    "prefecture": "千葉県",
    "city": "印西市",
    "town": "浅間前"
  },
  "2701323": {
    "zipcode": "2701323",
    "prefectureCode": "12",
    "prefectureNumber": 12,
    "prefecture": "千葉県",
    "city": "印西市",
    "town": "木下東"
  },
  "2701324": {
    "zipcode": "2701324",
    "prefectureCode": "12",
    "prefectureNumber": 12,
    "prefecture": "千葉県",
    "city": "印西市",
    "town": "平岡"
  },
  "2701325": {
    "zipcode": "2701325",
    "prefectureCode": "12",
    "prefectureNumber": 12,
    "prefecture": "千葉県",
    "city": "印西市",
    "town": "竹袋"
  },
  "2701326": {
    "zipcode": "2701326",
    "prefectureCode": "12",
    "prefectureNumber": 12,
    "prefecture": "千葉県",
    "city": "印西市",
    "town": "木下"
  },
  "2701327": {
    "zipcode": "2701327",
    "prefectureCode": "12",
    "prefectureNumber": 12,
    "prefecture": "千葉県",
    "city": "印西市",
    "town": "大森"
  },
  "2701328": {
    "zipcode": "2701328",
    "prefectureCode": "12",
    "prefectureNumber": 12,
    "prefecture": "千葉県",
    "city": "印西市",
    "town": "木下南"
  },
  "2701331": {
    "zipcode": "2701331",
    "prefectureCode": "12",
    "prefectureNumber": 12,
    "prefecture": "千葉県",
    "city": "印西市",
    "town": "牧の原"
  },
  "2701332": {
    "zipcode": "2701332",
    "prefectureCode": "12",
    "prefectureNumber": 12,
    "prefecture": "千葉県",
    "city": "印西市",
    "town": "別所"
  },
  "2701333": {
    "zipcode": "2701333",
    "prefectureCode": "12",
    "prefectureNumber": 12,
    "prefecture": "千葉県",
    "city": "印西市",
    "town": "宗甫"
  },
  "2701334": {
    "zipcode": "2701334",
    "prefectureCode": "12",
    "prefectureNumber": 12,
    "prefecture": "千葉県",
    "city": "印西市",
    "town": "西の原"
  },
  "2701335": {
    "zipcode": "2701335",
    "prefectureCode": "12",
    "prefectureNumber": 12,
    "prefecture": "千葉県",
    "city": "印西市",
    "town": "原"
  },
  "2701336": {
    "zipcode": "2701336",
    "prefectureCode": "12",
    "prefectureNumber": 12,
    "prefecture": "千葉県",
    "city": "印西市",
    "town": "東の原"
  },
  "2701337": {
    "zipcode": "2701337",
    "prefectureCode": "12",
    "prefectureNumber": 12,
    "prefecture": "千葉県",
    "city": "印西市",
    "town": "草深"
  },
  "2701338": {
    "zipcode": "2701338",
    "prefectureCode": "12",
    "prefectureNumber": 12,
    "prefecture": "千葉県",
    "city": "印西市",
    "town": "松崎台"
  },
  "2701339": {
    "zipcode": "2701339",
    "prefectureCode": "12",
    "prefectureNumber": 12,
    "prefecture": "千葉県",
    "city": "印西市",
    "town": "牧の台"
  },
  "2701340": {
    "zipcode": "2701340",
    "prefectureCode": "12",
    "prefectureNumber": 12,
    "prefecture": "千葉県",
    "city": "印西市",
    "town": "中央南"
  },
  "2701341": {
    "zipcode": "2701341",
    "prefectureCode": "12",
    "prefectureNumber": 12,
    "prefecture": "千葉県",
    "city": "印西市",
    "town": "原山"
  },
  "2701342": {
    "zipcode": "2701342",
    "prefectureCode": "12",
    "prefectureNumber": 12,
    "prefecture": "千葉県",
    "city": "印西市",
    "town": "高花"
  },
  "2701343": {
    "zipcode": "2701343",
    "prefectureCode": "12",
    "prefectureNumber": 12,
    "prefecture": "千葉県",
    "city": "印西市",
    "town": "結縁寺"
  },
  "2701344": {
    "zipcode": "2701344",
    "prefectureCode": "12",
    "prefectureNumber": 12,
    "prefecture": "千葉県",
    "city": "印西市",
    "town": "松崎"
  },
  "2701345": {
    "zipcode": "2701345",
    "prefectureCode": "12",
    "prefectureNumber": 12,
    "prefecture": "千葉県",
    "city": "印西市",
    "town": "船尾"
  },
  "2701346": {
    "zipcode": "2701346",
    "prefectureCode": "12",
    "prefectureNumber": 12,
    "prefecture": "千葉県",
    "city": "印西市",
    "town": "多々羅田"
  },
  "2701347": {
    "zipcode": "2701347",
    "prefectureCode": "12",
    "prefectureNumber": 12,
    "prefecture": "千葉県",
    "city": "印西市",
    "town": "内野"
  },
  "2701348": {
    "zipcode": "2701348",
    "prefectureCode": "12",
    "prefectureNumber": 12,
    "prefecture": "千葉県",
    "city": "印西市",
    "town": "戸神"
  },
  "2701349": {
    "zipcode": "2701349",
    "prefectureCode": "12",
    "prefectureNumber": 12,
    "prefecture": "千葉県",
    "city": "印西市",
    "town": "戸神台"
  },
  "2701350": {
    "zipcode": "2701350",
    "prefectureCode": "12",
    "prefectureNumber": 12,
    "prefecture": "千葉県",
    "city": "印西市",
    "town": "中央北"
  },
  "2701351": {
    "zipcode": "2701351",
    "prefectureCode": "12",
    "prefectureNumber": 12,
    "prefecture": "千葉県",
    "city": "印西市",
    "town": "和泉"
  },
  "2701352": {
    "zipcode": "2701352",
    "prefectureCode": "12",
    "prefectureNumber": 12,
    "prefecture": "千葉県",
    "city": "印西市",
    "town": "大塚"
  },
  "2701353": {
    "zipcode": "2701353",
    "prefectureCode": "12",
    "prefectureNumber": 12,
    "prefecture": "千葉県",
    "city": "印西市",
    "town": "泉"
  },
  "2701354": {
    "zipcode": "2701354",
    "prefectureCode": "12",
    "prefectureNumber": 12,
    "prefecture": "千葉県",
    "city": "印西市",
    "town": "武西"
  },
  "2701355": {
    "zipcode": "2701355",
    "prefectureCode": "12",
    "prefectureNumber": 12,
    "prefecture": "千葉県",
    "city": "印西市",
    "town": "武西学園台"
  },
  "2701356": {
    "zipcode": "2701356",
    "prefectureCode": "12",
    "prefectureNumber": 12,
    "prefecture": "千葉県",
    "city": "印西市",
    "town": "小倉台"
  },
  "2701357": {
    "zipcode": "2701357",
    "prefectureCode": "12",
    "prefectureNumber": 12,
    "prefecture": "千葉県",
    "city": "印西市",
    "town": "牧の木戸"
  },
  "2701358": {
    "zipcode": "2701358",
    "prefectureCode": "12",
    "prefectureNumber": 12,
    "prefecture": "千葉県",
    "city": "印西市",
    "town": "小倉"
  },
  "2701359": {
    "zipcode": "2701359",
    "prefectureCode": "12",
    "prefectureNumber": 12,
    "prefecture": "千葉県",
    "city": "印西市",
    "town": "木刈"
  },
  "2701360": {
    "zipcode": "2701360",
    "prefectureCode": "12",
    "prefectureNumber": 12,
    "prefecture": "千葉県",
    "city": "印西市",
    "town": "泉野"
  },
  "2701361": {
    "zipcode": "2701361",
    "prefectureCode": "12",
    "prefectureNumber": 12,
    "prefecture": "千葉県",
    "city": "印西市",
    "town": "発作"
  },
  "2701362": {
    "zipcode": "2701362",
    "prefectureCode": "12",
    "prefectureNumber": 12,
    "prefecture": "千葉県",
    "city": "印西市",
    "town": "亀成"
  },
  "2701363": {
    "zipcode": "2701363",
    "prefectureCode": "12",
    "prefectureNumber": 12,
    "prefecture": "千葉県",
    "city": "印西市",
    "town": "鹿黒"
  },
  "2701364": {
    "zipcode": "2701364",
    "prefectureCode": "12",
    "prefectureNumber": 12,
    "prefecture": "千葉県",
    "city": "印西市",
    "town": "浦幡新田"
  },
  "2701365": {
    "zipcode": "2701365",
    "prefectureCode": "12",
    "prefectureNumber": 12,
    "prefecture": "千葉県",
    "city": "印西市",
    "town": "高西新田"
  },
  "2701366": {
    "zipcode": "2701366",
    "prefectureCode": "12",
    "prefectureNumber": 12,
    "prefecture": "千葉県",
    "city": "印西市",
    "town": "白幡"
  },
  "2701367": {
    "zipcode": "2701367",
    "prefectureCode": "12",
    "prefectureNumber": 12,
    "prefecture": "千葉県",
    "city": "印西市",
    "town": "浦部"
  },
  "2701368": {
    "zipcode": "2701368",
    "prefectureCode": "12",
    "prefectureNumber": 12,
    "prefecture": "千葉県",
    "city": "印西市",
    "town": "浦部村新田"
  },
  "2701369": {
    "zipcode": "2701369",
    "prefectureCode": "12",
    "prefectureNumber": 12,
    "prefecture": "千葉県",
    "city": "印西市",
    "town": "鹿黒南"
  },
  "2701400": {
    "zipcode": "2701400",
    "prefectureCode": "12",
    "prefectureNumber": 12,
    "prefecture": "千葉県",
    "city": "白井市",
    "town": "以下に掲載がない場合"
  },
  "2701401": {
    "zipcode": "2701401",
    "prefectureCode": "12",
    "prefectureNumber": 12,
    "prefecture": "千葉県",
    "city": "白井市",
    "town": "今井"
  },
  "2701402": {
    "zipcode": "2701402",
    "prefectureCode": "12",
    "prefectureNumber": 12,
    "prefecture": "千葉県",
    "city": "白井市",
    "town": "平塚"
  },
  "2701403": {
    "zipcode": "2701403",
    "prefectureCode": "12",
    "prefectureNumber": 12,
    "prefecture": "千葉県",
    "city": "白井市",
    "town": "河原子"
  },
  "2701404": {
    "zipcode": "2701404",
    "prefectureCode": "12",
    "prefectureNumber": 12,
    "prefecture": "千葉県",
    "city": "白井市",
    "town": "折立"
  },
  "2701405": {
    "zipcode": "2701405",
    "prefectureCode": "12",
    "prefectureNumber": 12,
    "prefecture": "千葉県",
    "city": "白井市",
    "town": "富塚"
  },
  "2701406": {
    "zipcode": "2701406",
    "prefectureCode": "12",
    "prefectureNumber": 12,
    "prefecture": "千葉県",
    "city": "白井市",
    "town": "中"
  },
  "2701407": {
    "zipcode": "2701407",
    "prefectureCode": "12",
    "prefectureNumber": 12,
    "prefecture": "千葉県",
    "city": "白井市",
    "town": "名内"
  },
  "2701408": {
    "zipcode": "2701408",
    "prefectureCode": "12",
    "prefectureNumber": 12,
    "prefecture": "千葉県",
    "city": "白井市",
    "town": "西白井"
  },
  "2701411": {
    "zipcode": "2701411",
    "prefectureCode": "12",
    "prefectureNumber": 12,
    "prefecture": "千葉県",
    "city": "白井市",
    "town": "十余一"
  },
  "2701412": {
    "zipcode": "2701412",
    "prefectureCode": "12",
    "prefectureNumber": 12,
    "prefecture": "千葉県",
    "city": "白井市",
    "town": "桜台"
  },
  "2701413": {
    "zipcode": "2701413",
    "prefectureCode": "12",
    "prefectureNumber": 12,
    "prefecture": "千葉県",
    "city": "白井市",
    "town": "武西"
  },
  "2701414": {
    "zipcode": "2701414",
    "prefectureCode": "12",
    "prefectureNumber": 12,
    "prefecture": "千葉県",
    "city": "白井市",
    "town": "谷田"
  },
  "2701415": {
    "zipcode": "2701415",
    "prefectureCode": "12",
    "prefectureNumber": 12,
    "prefecture": "千葉県",
    "city": "白井市",
    "town": "清戸"
  },
  "2701416": {
    "zipcode": "2701416",
    "prefectureCode": "12",
    "prefectureNumber": 12,
    "prefecture": "千葉県",
    "city": "白井市",
    "town": "神々廻"
  },
  "2701421": {
    "zipcode": "2701421",
    "prefectureCode": "12",
    "prefectureNumber": 12,
    "prefecture": "千葉県",
    "city": "白井市",
    "town": "白井"
  },
  "2701422": {
    "zipcode": "2701422",
    "prefectureCode": "12",
    "prefectureNumber": 12,
    "prefecture": "千葉県",
    "city": "白井市",
    "town": "復"
  },
  "2701423": {
    "zipcode": "2701423",
    "prefectureCode": "12",
    "prefectureNumber": 12,
    "prefecture": "千葉県",
    "city": "白井市",
    "town": "南山"
  },
  "2701424": {
    "zipcode": "2701424",
    "prefectureCode": "12",
    "prefectureNumber": 12,
    "prefecture": "千葉県",
    "city": "白井市",
    "town": "堀込"
  },
  "2701425": {
    "zipcode": "2701425",
    "prefectureCode": "12",
    "prefectureNumber": 12,
    "prefecture": "千葉県",
    "city": "白井市",
    "town": "池の上"
  },
  "2701426": {
    "zipcode": "2701426",
    "prefectureCode": "12",
    "prefectureNumber": 12,
    "prefecture": "千葉県",
    "city": "白井市",
    "town": "笹塚"
  },
  "2701431": {
    "zipcode": "2701431",
    "prefectureCode": "12",
    "prefectureNumber": 12,
    "prefecture": "千葉県",
    "city": "白井市",
    "town": "根"
  },
  "2701432": {
    "zipcode": "2701432",
    "prefectureCode": "12",
    "prefectureNumber": 12,
    "prefecture": "千葉県",
    "city": "白井市",
    "town": "冨士"
  },
  "2701433": {
    "zipcode": "2701433",
    "prefectureCode": "12",
    "prefectureNumber": 12,
    "prefecture": "千葉県",
    "city": "白井市",
    "town": "けやき台"
  },
  "2701434": {
    "zipcode": "2701434",
    "prefectureCode": "12",
    "prefectureNumber": 12,
    "prefecture": "千葉県",
    "city": "白井市",
    "town": "大山口"
  },
  "2701435": {
    "zipcode": "2701435",
    "prefectureCode": "12",
    "prefectureNumber": 12,
    "prefecture": "千葉県",
    "city": "白井市",
    "town": "清水口"
  },
  "2701436": {
    "zipcode": "2701436",
    "prefectureCode": "12",
    "prefectureNumber": 12,
    "prefecture": "千葉県",
    "city": "白井市",
    "town": "七次台"
  },
  "2701437": {
    "zipcode": "2701437",
    "prefectureCode": "12",
    "prefectureNumber": 12,
    "prefecture": "千葉県",
    "city": "白井市",
    "town": "木"
  },
  "2701438": {
    "zipcode": "2701438",
    "prefectureCode": "12",
    "prefectureNumber": 12,
    "prefecture": "千葉県",
    "city": "白井市",
    "town": "野口"
  },
  "2701439": {
    "zipcode": "2701439",
    "prefectureCode": "12",
    "prefectureNumber": 12,
    "prefecture": "千葉県",
    "city": "白井市",
    "town": "大松"
  },
  "2701441": {
    "zipcode": "2701441",
    "prefectureCode": "12",
    "prefectureNumber": 12,
    "prefecture": "千葉県",
    "city": "柏市",
    "town": "鷲野谷新田"
  },
  "2701442": {
    "zipcode": "2701442",
    "prefectureCode": "12",
    "prefectureNumber": 12,
    "prefecture": "千葉県",
    "city": "柏市",
    "town": "染井入新田"
  },
  "2701443": {
    "zipcode": "2701443",
    "prefectureCode": "12",
    "prefectureNumber": 12,
    "prefecture": "千葉県",
    "city": "柏市",
    "town": "鷲野谷"
  },
  "2701444": {
    "zipcode": "2701444",
    "prefectureCode": "12",
    "prefectureNumber": 12,
    "prefecture": "千葉県",
    "city": "柏市",
    "town": "若白毛"
  },
  "2701445": {
    "zipcode": "2701445",
    "prefectureCode": "12",
    "prefectureNumber": 12,
    "prefecture": "千葉県",
    "city": "柏市",
    "town": "岩井"
  },
  "2701446": {
    "zipcode": "2701446",
    "prefectureCode": "12",
    "prefectureNumber": 12,
    "prefecture": "千葉県",
    "city": "柏市",
    "town": "岩井新田"
  },
  "2701447": {
    "zipcode": "2701447",
    "prefectureCode": "12",
    "prefectureNumber": 12,
    "prefecture": "千葉県",
    "city": "柏市",
    "town": "手賀の杜"
  },
  "2701451": {
    "zipcode": "2701451",
    "prefectureCode": "12",
    "prefectureNumber": 12,
    "prefecture": "千葉県",
    "city": "柏市",
    "town": "曙橋"
  },
  "2701452": {
    "zipcode": "2701452",
    "prefectureCode": "12",
    "prefectureNumber": 12,
    "prefecture": "千葉県",
    "city": "柏市",
    "town": "片山新田"
  },
  "2701453": {
    "zipcode": "2701453",
    "prefectureCode": "12",
    "prefectureNumber": 12,
    "prefecture": "千葉県",
    "city": "柏市",
    "town": "片山"
  },
  "2701454": {
    "zipcode": "2701454",
    "prefectureCode": "12",
    "prefectureNumber": 12,
    "prefecture": "千葉県",
    "city": "柏市",
    "town": "柳戸"
  },
  "2701455": {
    "zipcode": "2701455",
    "prefectureCode": "12",
    "prefectureNumber": 12,
    "prefecture": "千葉県",
    "city": "柏市",
    "town": "金山"
  },
  "2701456": {
    "zipcode": "2701456",
    "prefectureCode": "12",
    "prefectureNumber": 12,
    "prefecture": "千葉県",
    "city": "柏市",
    "town": "泉"
  },
  "2701457": {
    "zipcode": "2701457",
    "prefectureCode": "12",
    "prefectureNumber": 12,
    "prefecture": "千葉県",
    "city": "柏市",
    "town": "泉村新田"
  },
  "2701461": {
    "zipcode": "2701461",
    "prefectureCode": "12",
    "prefectureNumber": 12,
    "prefecture": "千葉県",
    "city": "柏市",
    "town": "水道橋"
  },
  "2701462": {
    "zipcode": "2701462",
    "prefectureCode": "12",
    "prefectureNumber": 12,
    "prefecture": "千葉県",
    "city": "柏市",
    "town": "千間橋"
  },
  "2701463": {
    "zipcode": "2701463",
    "prefectureCode": "12",
    "prefectureNumber": 12,
    "prefecture": "千葉県",
    "city": "柏市",
    "town": "布瀬新田"
  },
  "2701464": {
    "zipcode": "2701464",
    "prefectureCode": "12",
    "prefectureNumber": 12,
    "prefecture": "千葉県",
    "city": "柏市",
    "town": "布瀬"
  },
  "2701465": {
    "zipcode": "2701465",
    "prefectureCode": "12",
    "prefectureNumber": 12,
    "prefecture": "千葉県",
    "city": "柏市",
    "town": "手賀"
  },
  "2701466": {
    "zipcode": "2701466",
    "prefectureCode": "12",
    "prefectureNumber": 12,
    "prefecture": "千葉県",
    "city": "柏市",
    "town": "手賀新田"
  },
  "2701471": {
    "zipcode": "2701471",
    "prefectureCode": "12",
    "prefectureNumber": 12,
    "prefecture": "千葉県",
    "city": "船橋市",
    "town": "小室町"
  },
  "2701500": {
    "zipcode": "2701500",
    "prefectureCode": "12",
    "prefectureNumber": 12,
    "prefecture": "千葉県",
    "city": "印旛郡栄町",
    "town": "以下に掲載がない場合"
  },
  "2701501": {
    "zipcode": "2701501",
    "prefectureCode": "12",
    "prefectureNumber": 12,
    "prefecture": "千葉県",
    "city": "印旛郡栄町",
    "town": "矢口神明"
  },
  "2701502": {
    "zipcode": "2701502",
    "prefectureCode": "12",
    "prefectureNumber": 12,
    "prefecture": "千葉県",
    "city": "印旛郡栄町",
    "town": "矢口"
  },
  "2701503": {
    "zipcode": "2701503",
    "prefectureCode": "12",
    "prefectureNumber": 12,
    "prefecture": "千葉県",
    "city": "印旛郡栄町",
    "town": "興津"
  },
  "2701504": {
    "zipcode": "2701504",
    "prefectureCode": "12",
    "prefectureNumber": 12,
    "prefecture": "千葉県",
    "city": "印旛郡栄町",
    "town": "麻生"
  },
  "2701505": {
    "zipcode": "2701505",
    "prefectureCode": "12",
    "prefectureNumber": 12,
    "prefecture": "千葉県",
    "city": "印旛郡栄町",
    "town": "竜角寺台"
  },
  "2701506": {
    "zipcode": "2701506",
    "prefectureCode": "12",
    "prefectureNumber": 12,
    "prefecture": "千葉県",
    "city": "印旛郡栄町",
    "town": "龍角寺"
  },
  "2701511": {
    "zipcode": "2701511",
    "prefectureCode": "12",
    "prefectureNumber": 12,
    "prefecture": "千葉県",
    "city": "印旛郡栄町",
    "town": "北辺田"
  },
  "2701512": {
    "zipcode": "2701512",
    "prefectureCode": "12",
    "prefectureNumber": 12,
    "prefecture": "千葉県",
    "city": "印旛郡栄町",
    "town": "須賀"
  },
  "2701513": {
    "zipcode": "2701513",
    "prefectureCode": "12",
    "prefectureNumber": 12,
    "prefecture": "千葉県",
    "city": "印旛郡栄町",
    "town": "酒直"
  },
  "2701514": {
    "zipcode": "2701514",
    "prefectureCode": "12",
    "prefectureNumber": 12,
    "prefecture": "千葉県",
    "city": "印旛郡栄町",
    "town": "酒直台"
  },
  "2701515": {
    "zipcode": "2701515",
    "prefectureCode": "12",
    "prefectureNumber": 12,
    "prefecture": "千葉県",
    "city": "印旛郡栄町",
    "town": "安食台"
  },
  "2701516": {
    "zipcode": "2701516",
    "prefectureCode": "12",
    "prefectureNumber": 12,
    "prefecture": "千葉県",
    "city": "印旛郡栄町",
    "town": "安食"
  },
  "2701517": {
    "zipcode": "2701517",
    "prefectureCode": "12",
    "prefectureNumber": 12,
    "prefecture": "千葉県",
    "city": "印旛郡栄町",
    "town": "安食卜杭新田"
  },
  "2701521": {
    "zipcode": "2701521",
    "prefectureCode": "12",
    "prefectureNumber": 12,
    "prefecture": "千葉県",
    "city": "印旛郡栄町",
    "town": "和田"
  },
  "2701522": {
    "zipcode": "2701522",
    "prefectureCode": "12",
    "prefectureNumber": 12,
    "prefecture": "千葉県",
    "city": "印旛郡栄町",
    "town": "布鎌酒直"
  },
  "2701523": {
    "zipcode": "2701523",
    "prefectureCode": "12",
    "prefectureNumber": 12,
    "prefecture": "千葉県",
    "city": "印旛郡栄町",
    "town": "脇川"
  },
  "2701524": {
    "zipcode": "2701524",
    "prefectureCode": "12",
    "prefectureNumber": 12,
    "prefecture": "千葉県",
    "city": "印旛郡栄町",
    "town": "長門谷"
  },
  "2701525": {
    "zipcode": "2701525",
    "prefectureCode": "12",
    "prefectureNumber": 12,
    "prefecture": "千葉県",
    "city": "印旛郡栄町",
    "town": "四箇"
  },
  "2701526": {
    "zipcode": "2701526",
    "prefectureCode": "12",
    "prefectureNumber": 12,
    "prefecture": "千葉県",
    "city": "印旛郡栄町",
    "town": "大森"
  },
  "2701527": {
    "zipcode": "2701527",
    "prefectureCode": "12",
    "prefectureNumber": 12,
    "prefecture": "千葉県",
    "city": "印旛郡栄町",
    "town": "押付"
  },
  "2701531": {
    "zipcode": "2701531",
    "prefectureCode": "12",
    "prefectureNumber": 12,
    "prefecture": "千葉県",
    "city": "印旛郡栄町",
    "town": "曽根"
  },
  "2701532": {
    "zipcode": "2701532",
    "prefectureCode": "12",
    "prefectureNumber": 12,
    "prefecture": "千葉県",
    "city": "印旛郡栄町",
    "town": "南"
  },
  "2701533": {
    "zipcode": "2701533",
    "prefectureCode": "12",
    "prefectureNumber": 12,
    "prefecture": "千葉県",
    "city": "印旛郡栄町",
    "town": "南ケ丘"
  },
  "2701534": {
    "zipcode": "2701534",
    "prefectureCode": "12",
    "prefectureNumber": 12,
    "prefecture": "千葉県",
    "city": "印旛郡栄町",
    "town": "西"
  },
  "2701535": {
    "zipcode": "2701535",
    "prefectureCode": "12",
    "prefectureNumber": 12,
    "prefecture": "千葉県",
    "city": "印旛郡栄町",
    "town": "布太"
  },
  "2701536": {
    "zipcode": "2701536",
    "prefectureCode": "12",
    "prefectureNumber": 12,
    "prefecture": "千葉県",
    "city": "印旛郡栄町",
    "town": "三和"
  },
  "2701541": {
    "zipcode": "2701541",
    "prefectureCode": "12",
    "prefectureNumber": 12,
    "prefecture": "千葉県",
    "city": "印旛郡栄町",
    "town": "龍ケ崎町歩"
  },
  "2701542": {
    "zipcode": "2701542",
    "prefectureCode": "12",
    "prefectureNumber": 12,
    "prefecture": "千葉県",
    "city": "印旛郡栄町",
    "town": "四ッ谷"
  },
  "2701543": {
    "zipcode": "2701543",
    "prefectureCode": "12",
    "prefectureNumber": 12,
    "prefecture": "千葉県",
    "city": "印旛郡栄町",
    "town": "請方"
  },
  "2701544": {
    "zipcode": "2701544",
    "prefectureCode": "12",
    "prefectureNumber": 12,
    "prefecture": "千葉県",
    "city": "印旛郡栄町",
    "town": "中谷"
  },
  "2701545": {
    "zipcode": "2701545",
    "prefectureCode": "12",
    "prefectureNumber": 12,
    "prefecture": "千葉県",
    "city": "印旛郡栄町",
    "town": "北"
  },
  "2701546": {
    "zipcode": "2701546",
    "prefectureCode": "12",
    "prefectureNumber": 12,
    "prefecture": "千葉県",
    "city": "印旛郡栄町",
    "town": "生板鍋子新田"
  },
  "2701601": {
    "zipcode": "2701601",
    "prefectureCode": "12",
    "prefectureNumber": 12,
    "prefecture": "千葉県",
    "city": "印西市",
    "town": "萩原"
  },
  "2701602": {
    "zipcode": "2701602",
    "prefectureCode": "12",
    "prefectureNumber": 12,
    "prefecture": "千葉県",
    "city": "印西市",
    "town": "松虫"
  },
  "2701603": {
    "zipcode": "2701603",
    "prefectureCode": "12",
    "prefectureNumber": 12,
    "prefecture": "千葉県",
    "city": "印西市",
    "town": "吉高"
  },
  "2701604": {
    "zipcode": "2701604",
    "prefectureCode": "12",
    "prefectureNumber": 12,
    "prefecture": "千葉県",
    "city": "印西市",
    "town": "山田"
  },
  "2701605": {
    "zipcode": "2701605",
    "prefectureCode": "12",
    "prefectureNumber": 12,
    "prefecture": "千葉県",
    "city": "印西市",
    "town": "平賀"
  },
  "2701606": {
    "zipcode": "2701606",
    "prefectureCode": "12",
    "prefectureNumber": 12,
    "prefecture": "千葉県",
    "city": "印西市",
    "town": "平賀学園台"
  },
  "2701607": {
    "zipcode": "2701607",
    "prefectureCode": "12",
    "prefectureNumber": 12,
    "prefecture": "千葉県",
    "city": "印西市",
    "town": "美瀬"
  },
  "2701608": {
    "zipcode": "2701608",
    "prefectureCode": "12",
    "prefectureNumber": 12,
    "prefecture": "千葉県",
    "city": "印西市",
    "town": "舞姫"
  },
  "2701609": {
    "zipcode": "2701609",
    "prefectureCode": "12",
    "prefectureNumber": 12,
    "prefecture": "千葉県",
    "city": "印西市",
    "town": "若萩"
  },
  "2701611": {
    "zipcode": "2701611",
    "prefectureCode": "12",
    "prefectureNumber": 12,
    "prefecture": "千葉県",
    "city": "印西市",
    "town": "造谷"
  },
  "2701612": {
    "zipcode": "2701612",
    "prefectureCode": "12",
    "prefectureNumber": 12,
    "prefecture": "千葉県",
    "city": "印西市",
    "town": "大廻"
  },
  "2701613": {
    "zipcode": "2701613",
    "prefectureCode": "12",
    "prefectureNumber": 12,
    "prefecture": "千葉県",
    "city": "印西市",
    "town": "鎌苅"
  },
  "2701614": {
    "zipcode": "2701614",
    "prefectureCode": "12",
    "prefectureNumber": 12,
    "prefecture": "千葉県",
    "city": "印西市",
    "town": "瀬戸"
  },
  "2701615": {
    "zipcode": "2701615",
    "prefectureCode": "12",
    "prefectureNumber": 12,
    "prefecture": "千葉県",
    "city": "印西市",
    "town": "師戸"
  },
  "2701616": {
    "zipcode": "2701616",
    "prefectureCode": "12",
    "prefectureNumber": 12,
    "prefecture": "千葉県",
    "city": "印西市",
    "town": "岩戸"
  },
  "2701617": {
    "zipcode": "2701617",
    "prefectureCode": "12",
    "prefectureNumber": 12,
    "prefecture": "千葉県",
    "city": "印西市",
    "town": "吉田"
  },
  "2701618": {
    "zipcode": "2701618",
    "prefectureCode": "12",
    "prefectureNumber": 12,
    "prefecture": "千葉県",
    "city": "印西市",
    "town": "つくりや台"
  },
  "2702201": {
    "zipcode": "2702201",
    "prefectureCode": "12",
    "prefectureNumber": 12,
    "prefecture": "千葉県",
    "city": "松戸市",
    "town": "高柳新田"
  },
  "2702202": {
    "zipcode": "2702202",
    "prefectureCode": "12",
    "prefectureNumber": 12,
    "prefecture": "千葉県",
    "city": "松戸市",
    "town": "高柳"
  },
  "2702203": {
    "zipcode": "2702203",
    "prefectureCode": "12",
    "prefectureNumber": 12,
    "prefecture": "千葉県",
    "city": "松戸市",
    "town": "六高台"
  },
  "2702204": {
    "zipcode": "2702204",
    "prefectureCode": "12",
    "prefectureNumber": 12,
    "prefecture": "千葉県",
    "city": "松戸市",
    "town": "六実"
  },
  "2702205": {
    "zipcode": "2702205",
    "prefectureCode": "12",
    "prefectureNumber": 12,
    "prefecture": "千葉県",
    "city": "松戸市",
    "town": "六高台西"
  },
  "2702211": {
    "zipcode": "2702211",
    "prefectureCode": "12",
    "prefectureNumber": 12,
    "prefecture": "千葉県",
    "city": "松戸市",
    "town": "五香六実"
  },
  "2702212": {
    "zipcode": "2702212",
    "prefectureCode": "12",
    "prefectureNumber": 12,
    "prefecture": "千葉県",
    "city": "松戸市",
    "town": "五香南"
  },
  "2702213": {
    "zipcode": "2702213",
    "prefectureCode": "12",
    "prefectureNumber": 12,
    "prefecture": "千葉県",
    "city": "松戸市",
    "town": "五香"
  },
  "2702214": {
    "zipcode": "2702214",
    "prefectureCode": "12",
    "prefectureNumber": 12,
    "prefecture": "千葉県",
    "city": "松戸市",
    "town": "松飛台"
  },
  "2702215": {
    "zipcode": "2702215",
    "prefectureCode": "12",
    "prefectureNumber": 12,
    "prefecture": "千葉県",
    "city": "松戸市",
    "town": "串崎南町"
  },
  "2702216": {
    "zipcode": "2702216",
    "prefectureCode": "12",
    "prefectureNumber": 12,
    "prefecture": "千葉県",
    "city": "松戸市",
    "town": "串崎新田"
  },
  "2702217": {
    "zipcode": "2702217",
    "prefectureCode": "12",
    "prefectureNumber": 12,
    "prefecture": "千葉県",
    "city": "松戸市",
    "town": "初富飛地"
  },
  "2702218": {
    "zipcode": "2702218",
    "prefectureCode": "12",
    "prefectureNumber": 12,
    "prefecture": "千葉県",
    "city": "松戸市",
    "town": "五香西"
  },
  "2702221": {
    "zipcode": "2702221",
    "prefectureCode": "12",
    "prefectureNumber": 12,
    "prefecture": "千葉県",
    "city": "松戸市",
    "town": "紙敷"
  },
  "2702222": {
    "zipcode": "2702222",
    "prefectureCode": "12",
    "prefectureNumber": 12,
    "prefecture": "千葉県",
    "city": "松戸市",
    "town": "高塚新田"
  },
  "2702223": {
    "zipcode": "2702223",
    "prefectureCode": "12",
    "prefectureNumber": 12,
    "prefecture": "千葉県",
    "city": "松戸市",
    "town": "秋山"
  },
  "2702224": {
    "zipcode": "2702224",
    "prefectureCode": "12",
    "prefectureNumber": 12,
    "prefecture": "千葉県",
    "city": "松戸市",
    "town": "大橋"
  },
  "2702225": {
    "zipcode": "2702225",
    "prefectureCode": "12",
    "prefectureNumber": 12,
    "prefecture": "千葉県",
    "city": "松戸市",
    "town": "東松戸"
  },
  "2702231": {
    "zipcode": "2702231",
    "prefectureCode": "12",
    "prefectureNumber": 12,
    "prefecture": "千葉県",
    "city": "松戸市",
    "town": "稔台"
  },
  "2702232": {
    "zipcode": "2702232",
    "prefectureCode": "12",
    "prefectureNumber": 12,
    "prefecture": "千葉県",
    "city": "松戸市",
    "town": "和名ケ谷"
  },
  "2702241": {
    "zipcode": "2702241",
    "prefectureCode": "12",
    "prefectureNumber": 12,
    "prefecture": "千葉県",
    "city": "松戸市",
    "town": "松戸新田"
  },
  "2702242": {
    "zipcode": "2702242",
    "prefectureCode": "12",
    "prefectureNumber": 12,
    "prefecture": "千葉県",
    "city": "松戸市",
    "town": "仲井町"
  },
  "2702243": {
    "zipcode": "2702243",
    "prefectureCode": "12",
    "prefectureNumber": 12,
    "prefecture": "千葉県",
    "city": "松戸市",
    "town": "野菊野"
  },
  "2702251": {
    "zipcode": "2702251",
    "prefectureCode": "12",
    "prefectureNumber": 12,
    "prefecture": "千葉県",
    "city": "松戸市",
    "town": "金ケ作"
  },
  "2702252": {
    "zipcode": "2702252",
    "prefectureCode": "12",
    "prefectureNumber": 12,
    "prefecture": "千葉県",
    "city": "松戸市",
    "town": "千駄堀"
  },
  "2702253": {
    "zipcode": "2702253",
    "prefectureCode": "12",
    "prefectureNumber": 12,
    "prefecture": "千葉県",
    "city": "松戸市",
    "town": "日暮"
  },
  "2702254": {
    "zipcode": "2702254",
    "prefectureCode": "12",
    "prefectureNumber": 12,
    "prefecture": "千葉県",
    "city": "松戸市",
    "town": "河原塚"
  },
  "2702255": {
    "zipcode": "2702255",
    "prefectureCode": "12",
    "prefectureNumber": 12,
    "prefecture": "千葉県",
    "city": "松戸市",
    "town": "田中新田"
  },
  "2702261": {
    "zipcode": "2702261",
    "prefectureCode": "12",
    "prefectureNumber": 12,
    "prefecture": "千葉県",
    "city": "松戸市",
    "town": "常盤平"
  },
  "2702262": {
    "zipcode": "2702262",
    "prefectureCode": "12",
    "prefectureNumber": 12,
    "prefecture": "千葉県",
    "city": "松戸市",
    "town": "常盤平双葉町"
  },
  "2702263": {
    "zipcode": "2702263",
    "prefectureCode": "12",
    "prefectureNumber": 12,
    "prefecture": "千葉県",
    "city": "松戸市",
    "town": "常盤平柳町"
  },
  "2702264": {
    "zipcode": "2702264",
    "prefectureCode": "12",
    "prefectureNumber": 12,
    "prefecture": "千葉県",
    "city": "松戸市",
    "town": "常盤平松葉町"
  },
  "2702265": {
    "zipcode": "2702265",
    "prefectureCode": "12",
    "prefectureNumber": 12,
    "prefecture": "千葉県",
    "city": "松戸市",
    "town": "常盤平陣屋前"
  },
  "2702266": {
    "zipcode": "2702266",
    "prefectureCode": "12",
    "prefectureNumber": 12,
    "prefecture": "千葉県",
    "city": "松戸市",
    "town": "常盤平西窪町"
  },
  "2702267": {
    "zipcode": "2702267",
    "prefectureCode": "12",
    "prefectureNumber": 12,
    "prefecture": "千葉県",
    "city": "松戸市",
    "town": "牧の原"
  },
  "2702301": {
    "zipcode": "2702301",
    "prefectureCode": "12",
    "prefectureNumber": 12,
    "prefecture": "千葉県",
    "city": "印西市",
    "town": "将監"
  },
  "2702302": {
    "zipcode": "2702302",
    "prefectureCode": "12",
    "prefectureNumber": 12,
    "prefecture": "千葉県",
    "city": "印西市",
    "town": "安食卜杭"
  },
  "2702303": {
    "zipcode": "2702303",
    "prefectureCode": "12",
    "prefectureNumber": 12,
    "prefecture": "千葉県",
    "city": "印西市",
    "town": "酒直卜杭"
  },
  "2702304": {
    "zipcode": "2702304",
    "prefectureCode": "12",
    "prefectureNumber": 12,
    "prefecture": "千葉県",
    "city": "印西市",
    "town": "甚兵衛"
  },
  "2702305": {
    "zipcode": "2702305",
    "prefectureCode": "12",
    "prefectureNumber": 12,
    "prefecture": "千葉県",
    "city": "印西市",
    "town": "佐野屋"
  },
  "2702306": {
    "zipcode": "2702306",
    "prefectureCode": "12",
    "prefectureNumber": 12,
    "prefecture": "千葉県",
    "city": "印西市",
    "town": "中田切"
  },
  "2702307": {
    "zipcode": "2702307",
    "prefectureCode": "12",
    "prefectureNumber": 12,
    "prefecture": "千葉県",
    "city": "印西市",
    "town": "松木"
  },
  "2702308": {
    "zipcode": "2702308",
    "prefectureCode": "12",
    "prefectureNumber": 12,
    "prefecture": "千葉県",
    "city": "印西市",
    "town": "本埜小林"
  },
  "2702311": {
    "zipcode": "2702311",
    "prefectureCode": "12",
    "prefectureNumber": 12,
    "prefecture": "千葉県",
    "city": "印西市",
    "town": "萩埜"
  },
  "2702312": {
    "zipcode": "2702312",
    "prefectureCode": "12",
    "prefectureNumber": 12,
    "prefecture": "千葉県",
    "city": "印西市",
    "town": "長門屋"
  },
  "2702313": {
    "zipcode": "2702313",
    "prefectureCode": "12",
    "prefectureNumber": 12,
    "prefecture": "千葉県",
    "city": "印西市",
    "town": "下井"
  },
  "2702314": {
    "zipcode": "2702314",
    "prefectureCode": "12",
    "prefectureNumber": 12,
    "prefecture": "千葉県",
    "city": "印西市",
    "town": "桜野"
  },
  "2702315": {
    "zipcode": "2702315",
    "prefectureCode": "12",
    "prefectureNumber": 12,
    "prefecture": "千葉県",
    "city": "印西市",
    "town": "中"
  },
  "2702316": {
    "zipcode": "2702316",
    "prefectureCode": "12",
    "prefectureNumber": 12,
    "prefecture": "千葉県",
    "city": "印西市",
    "town": "行徳"
  },
  "2702317": {
    "zipcode": "2702317",
    "prefectureCode": "12",
    "prefectureNumber": 12,
    "prefecture": "千葉県",
    "city": "印西市",
    "town": "下曽根"
  },
  "2702318": {
    "zipcode": "2702318",
    "prefectureCode": "12",
    "prefectureNumber": 12,
    "prefecture": "千葉県",
    "city": "印西市",
    "town": "押付"
  },
  "2702319": {
    "zipcode": "2702319",
    "prefectureCode": "12",
    "prefectureNumber": 12,
    "prefecture": "千葉県",
    "city": "印西市",
    "town": "川向"
  },
  "2702321": {
    "zipcode": "2702321",
    "prefectureCode": "12",
    "prefectureNumber": 12,
    "prefecture": "千葉県",
    "city": "印西市",
    "town": "物木"
  },
  "2702322": {
    "zipcode": "2702322",
    "prefectureCode": "12",
    "prefectureNumber": 12,
    "prefecture": "千葉県",
    "city": "印西市",
    "town": "笠神"
  },
  "2702323": {
    "zipcode": "2702323",
    "prefectureCode": "12",
    "prefectureNumber": 12,
    "prefecture": "千葉県",
    "city": "印西市",
    "town": "和泉屋"
  },
  "2702324": {
    "zipcode": "2702324",
    "prefectureCode": "12",
    "prefectureNumber": 12,
    "prefecture": "千葉県",
    "city": "印西市",
    "town": "中根"
  },
  "2702325": {
    "zipcode": "2702325",
    "prefectureCode": "12",
    "prefectureNumber": 12,
    "prefecture": "千葉県",
    "city": "印西市",
    "town": "角田"
  },
  "2702326": {
    "zipcode": "2702326",
    "prefectureCode": "12",
    "prefectureNumber": 12,
    "prefecture": "千葉県",
    "city": "印西市",
    "town": "荒野"
  },
  "2702327": {
    "zipcode": "2702327",
    "prefectureCode": "12",
    "prefectureNumber": 12,
    "prefecture": "千葉県",
    "city": "印西市",
    "town": "竜腹寺"
  },
  "2702328": {
    "zipcode": "2702328",
    "prefectureCode": "12",
    "prefectureNumber": 12,
    "prefecture": "千葉県",
    "city": "印西市",
    "town": "滝"
  },
  "2702329": {
    "zipcode": "2702329",
    "prefectureCode": "12",
    "prefectureNumber": 12,
    "prefecture": "千葉県",
    "city": "印西市",
    "town": "滝野"
  },
  "2702331": {
    "zipcode": "2702331",
    "prefectureCode": "12",
    "prefectureNumber": 12,
    "prefecture": "千葉県",
    "city": "印西市",
    "town": "みどり台"
  }
}
