{
  "7540001": {
    "zipcode": "7540001",
    "prefectureCode": "35",
    "prefectureNumber": 35,
    "prefecture": "山口県",
    "city": "山口市",
    "town": "小郡上郷"
  },
  "7540002": {
    "zipcode": "7540002",
    "prefectureCode": "35",
    "prefectureNumber": 35,
    "prefecture": "山口県",
    "city": "山口市",
    "town": "小郡下郷"
  },
  "7540003": {
    "zipcode": "7540003",
    "prefectureCode": "35",
    "prefectureNumber": 35,
    "prefecture": "山口県",
    "city": "山口市",
    "town": "小郡真名"
  },
  "7540004": {
    "zipcode": "7540004",
    "prefectureCode": "35",
    "prefectureNumber": 35,
    "prefecture": "山口県",
    "city": "山口市",
    "town": "小郡金堀町"
  },
  "7540005": {
    "zipcode": "7540005",
    "prefectureCode": "35",
    "prefectureNumber": 35,
    "prefecture": "山口県",
    "city": "山口市",
    "town": "小郡山手上町"
  },
  "7540006": {
    "zipcode": "7540006",
    "prefectureCode": "35",
    "prefectureNumber": 35,
    "prefecture": "山口県",
    "city": "山口市",
    "town": "小郡尾崎町"
  },
  "7540007": {
    "zipcode": "7540007",
    "prefectureCode": "35",
    "prefectureNumber": 35,
    "prefecture": "山口県",
    "city": "山口市",
    "town": "小郡円座東町"
  },
  "7540008": {
    "zipcode": "7540008",
    "prefectureCode": "35",
    "prefectureNumber": 35,
    "prefecture": "山口県",
    "city": "山口市",
    "town": "小郡円座西町"
  },
  "7540011": {
    "zipcode": "7540011",
    "prefectureCode": "35",
    "prefectureNumber": 35,
    "prefecture": "山口県",
    "city": "山口市",
    "town": "小郡御幸町"
  },
  "7540012": {
    "zipcode": "7540012",
    "prefectureCode": "35",
    "prefectureNumber": 35,
    "prefecture": "山口県",
    "city": "山口市",
    "town": "小郡船倉町"
  },
  "7540013": {
    "zipcode": "7540013",
    "prefectureCode": "35",
    "prefectureNumber": 35,
    "prefecture": "山口県",
    "city": "山口市",
    "town": "小郡緑町"
  },
  "7540014": {
    "zipcode": "7540014",
    "prefectureCode": "35",
    "prefectureNumber": 35,
    "prefecture": "山口県",
    "city": "山口市",
    "town": "小郡高砂町"
  },
  "7540015": {
    "zipcode": "7540015",
    "prefectureCode": "35",
    "prefectureNumber": 35,
    "prefecture": "山口県",
    "city": "山口市",
    "town": "小郡大江町"
  },
  "7540020": {
    "zipcode": "7540020",
    "prefectureCode": "35",
    "prefectureNumber": 35,
    "prefecture": "山口県",
    "city": "山口市",
    "town": "小郡平成町"
  },
  "7540021": {
    "zipcode": "7540021",
    "prefectureCode": "35",
    "prefectureNumber": 35,
    "prefecture": "山口県",
    "city": "山口市",
    "town": "小郡黄金町"
  },
  "7540022": {
    "zipcode": "7540022",
    "prefectureCode": "35",
    "prefectureNumber": 35,
    "prefecture": "山口県",
    "city": "山口市",
    "town": "小郡花園町"
  },
  "7540023": {
    "zipcode": "7540023",
    "prefectureCode": "35",
    "prefectureNumber": 35,
    "prefecture": "山口県",
    "city": "山口市",
    "town": "小郡前田町"
  },
  "7540024": {
    "zipcode": "7540024",
    "prefectureCode": "35",
    "prefectureNumber": 35,
    "prefecture": "山口県",
    "city": "山口市",
    "town": "小郡若草町"
  },
  "7540025": {
    "zipcode": "7540025",
    "prefectureCode": "35",
    "prefectureNumber": 35,
    "prefecture": "山口県",
    "city": "山口市",
    "town": "小郡平砂町"
  },
  "7540026": {
    "zipcode": "7540026",
    "prefectureCode": "35",
    "prefectureNumber": 35,
    "prefecture": "山口県",
    "city": "山口市",
    "town": "小郡栄町"
  },
  "7540027": {
    "zipcode": "7540027",
    "prefectureCode": "35",
    "prefectureNumber": 35,
    "prefecture": "山口県",
    "city": "山口市",
    "town": "小郡三軒屋町"
  },
  "7540028": {
    "zipcode": "7540028",
    "prefectureCode": "35",
    "prefectureNumber": 35,
    "prefecture": "山口県",
    "city": "山口市",
    "town": "小郡給領町"
  },
  "7540029": {
    "zipcode": "7540029",
    "prefectureCode": "35",
    "prefectureNumber": 35,
    "prefecture": "山口県",
    "city": "山口市",
    "town": "小郡維新町"
  },
  "7540031": {
    "zipcode": "7540031",
    "prefectureCode": "35",
    "prefectureNumber": 35,
    "prefecture": "山口県",
    "city": "山口市",
    "town": "小郡新町"
  },
  "7540032": {
    "zipcode": "7540032",
    "prefectureCode": "35",
    "prefectureNumber": 35,
    "prefecture": "山口県",
    "city": "山口市",
    "town": "小郡みらい町"
  },
  "7540033": {
    "zipcode": "7540033",
    "prefectureCode": "35",
    "prefectureNumber": 35,
    "prefecture": "山口県",
    "city": "山口市",
    "town": "小郡光が丘"
  },
  "7540034": {
    "zipcode": "7540034",
    "prefectureCode": "35",
    "prefectureNumber": 35,
    "prefecture": "山口県",
    "city": "山口市",
    "town": "小郡かぜの丘"
  },
  "7540041": {
    "zipcode": "7540041",
    "prefectureCode": "35",
    "prefectureNumber": 35,
    "prefecture": "山口県",
    "city": "山口市",
    "town": "小郡令和"
  },
  "7540042": {
    "zipcode": "7540042",
    "prefectureCode": "35",
    "prefectureNumber": 35,
    "prefecture": "山口県",
    "city": "山口市",
    "town": "小郡長谷"
  },
  "7540043": {
    "zipcode": "7540043",
    "prefectureCode": "35",
    "prefectureNumber": 35,
    "prefecture": "山口県",
    "city": "山口市",
    "town": "小郡明治"
  },
  "7540044": {
    "zipcode": "7540044",
    "prefectureCode": "35",
    "prefectureNumber": 35,
    "prefecture": "山口県",
    "city": "山口市",
    "town": "小郡大正町"
  },
  "7540071": {
    "zipcode": "7540071",
    "prefectureCode": "35",
    "prefectureNumber": 35,
    "prefecture": "山口県",
    "city": "山口市",
    "town": "小郡東津"
  },
  "7540072": {
    "zipcode": "7540072",
    "prefectureCode": "35",
    "prefectureNumber": 35,
    "prefecture": "山口県",
    "city": "山口市",
    "town": "小郡昭和町"
  },
  "7540073": {
    "zipcode": "7540073",
    "prefectureCode": "35",
    "prefectureNumber": 35,
    "prefecture": "山口県",
    "city": "山口市",
    "town": "小郡本町"
  },
  "7540074": {
    "zipcode": "7540074",
    "prefectureCode": "35",
    "prefectureNumber": 35,
    "prefecture": "山口県",
    "city": "山口市",
    "town": "小郡津市"
  },
  "7540075": {
    "zipcode": "7540075",
    "prefectureCode": "35",
    "prefectureNumber": 35,
    "prefecture": "山口県",
    "city": "山口市",
    "town": "小郡中央通"
  },
  "7540076": {
    "zipcode": "7540076",
    "prefectureCode": "35",
    "prefectureNumber": 35,
    "prefecture": "山口県",
    "city": "山口市",
    "town": "小郡蔵敷"
  },
  "7540077": {
    "zipcode": "7540077",
    "prefectureCode": "35",
    "prefectureNumber": 35,
    "prefecture": "山口県",
    "city": "山口市",
    "town": "小郡柳井田"
  },
  "7540121": {
    "zipcode": "7540121",
    "prefectureCode": "35",
    "prefectureNumber": 35,
    "prefecture": "山口県",
    "city": "美祢市",
    "town": "美東町長田"
  },
  "7540122": {
    "zipcode": "7540122",
    "prefectureCode": "35",
    "prefectureNumber": 35,
    "prefecture": "山口県",
    "city": "美祢市",
    "town": "美東町真名"
  },
  "7540123": {
    "zipcode": "7540123",
    "prefectureCode": "35",
    "prefectureNumber": 35,
    "prefecture": "山口県",
    "city": "美祢市",
    "town": "美東町小野"
  },
  "7540211": {
    "zipcode": "7540211",
    "prefectureCode": "35",
    "prefectureNumber": 35,
    "prefecture": "山口県",
    "city": "美祢市",
    "town": "美東町大田"
  },
  "7540212": {
    "zipcode": "7540212",
    "prefectureCode": "35",
    "prefectureNumber": 35,
    "prefecture": "山口県",
    "city": "美祢市",
    "town": "美東町綾木"
  },
  "7540213": {
    "zipcode": "7540213",
    "prefectureCode": "35",
    "prefectureNumber": 35,
    "prefecture": "山口県",
    "city": "美祢市",
    "town": "美東町長登"
  },
  "7540214": {
    "zipcode": "7540214",
    "prefectureCode": "35",
    "prefectureNumber": 35,
    "prefecture": "山口県",
    "city": "美祢市",
    "town": "美東町（その他）"
  },
  "7540301": {
    "zipcode": "7540301",
    "prefectureCode": "35",
    "prefectureNumber": 35,
    "prefecture": "山口県",
    "city": "美祢市",
    "town": "美東町絵堂"
  },
  "7540302": {
    "zipcode": "7540302",
    "prefectureCode": "35",
    "prefectureNumber": 35,
    "prefecture": "山口県",
    "city": "美祢市",
    "town": "美東町赤"
  },
  "7540411": {
    "zipcode": "7540411",
    "prefectureCode": "35",
    "prefectureNumber": 35,
    "prefecture": "山口県",
    "city": "萩市",
    "town": "明木"
  },
  "7540511": {
    "zipcode": "7540511",
    "prefectureCode": "35",
    "prefectureNumber": 35,
    "prefecture": "山口県",
    "city": "美祢市",
    "town": "秋芳町秋吉"
  },
  "7540512": {
    "zipcode": "7540512",
    "prefectureCode": "35",
    "prefectureNumber": 35,
    "prefecture": "山口県",
    "city": "美祢市",
    "town": "秋芳町岩永本郷"
  },
  "7540513": {
    "zipcode": "7540513",
    "prefectureCode": "35",
    "prefectureNumber": 35,
    "prefecture": "山口県",
    "city": "美祢市",
    "town": "秋芳町岩永下郷"
  },
  "7540514": {
    "zipcode": "7540514",
    "prefectureCode": "35",
    "prefectureNumber": 35,
    "prefecture": "山口県",
    "city": "美祢市",
    "town": "秋芳町（その他）"
  },
  "7540601": {
    "zipcode": "7540601",
    "prefectureCode": "35",
    "prefectureNumber": 35,
    "prefecture": "山口県",
    "city": "美祢市",
    "town": "秋芳町嘉万"
  },
  "7540602": {
    "zipcode": "7540602",
    "prefectureCode": "35",
    "prefectureNumber": 35,
    "prefecture": "山口県",
    "city": "美祢市",
    "town": "秋芳町青景"
  },
  "7540603": {
    "zipcode": "7540603",
    "prefectureCode": "35",
    "prefectureNumber": 35,
    "prefecture": "山口県",
    "city": "美祢市",
    "town": "秋芳町別府"
  },
  "7540891": {
    "zipcode": "7540891",
    "prefectureCode": "35",
    "prefectureNumber": 35,
    "prefecture": "山口県",
    "city": "山口市",
    "town": "陶"
  },
  "7540892": {
    "zipcode": "7540892",
    "prefectureCode": "35",
    "prefectureNumber": 35,
    "prefecture": "山口県",
    "city": "山口市",
    "town": "名田島"
  },
  "7540893": {
    "zipcode": "7540893",
    "prefectureCode": "35",
    "prefectureNumber": 35,
    "prefecture": "山口県",
    "city": "山口市",
    "town": "秋穂二島"
  },
  "7540894": {
    "zipcode": "7540894",
    "prefectureCode": "35",
    "prefectureNumber": 35,
    "prefecture": "山口県",
    "city": "山口市",
    "town": "佐山"
  },
  "7540895": {
    "zipcode": "7540895",
    "prefectureCode": "35",
    "prefectureNumber": 35,
    "prefecture": "山口県",
    "city": "山口市",
    "town": "深溝"
  },
  "7540896": {
    "zipcode": "7540896",
    "prefectureCode": "35",
    "prefectureNumber": 35,
    "prefecture": "山口県",
    "city": "山口市",
    "town": "江崎"
  },
  "7540897": {
    "zipcode": "7540897",
    "prefectureCode": "35",
    "prefectureNumber": 35,
    "prefecture": "山口県",
    "city": "山口市",
    "town": "嘉川"
  },
  "7541101": {
    "zipcode": "7541101",
    "prefectureCode": "35",
    "prefectureNumber": 35,
    "prefecture": "山口県",
    "city": "山口市",
    "town": "秋穂東"
  },
  "7541102": {
    "zipcode": "7541102",
    "prefectureCode": "35",
    "prefectureNumber": 35,
    "prefecture": "山口県",
    "city": "山口市",
    "town": "秋穂西"
  },
  "7541277": {
    "zipcode": "7541277",
    "prefectureCode": "35",
    "prefectureNumber": 35,
    "prefecture": "山口県",
    "city": "山口市",
    "town": "阿知須"
  },
  "7541311": {
    "zipcode": "7541311",
    "prefectureCode": "35",
    "prefectureNumber": 35,
    "prefecture": "山口県",
    "city": "宇部市",
    "town": "小野"
  },
  "7541312": {
    "zipcode": "7541312",
    "prefectureCode": "35",
    "prefectureNumber": 35,
    "prefecture": "山口県",
    "city": "宇部市",
    "town": "棯小野"
  },
  "7541313": {
    "zipcode": "7541313",
    "prefectureCode": "35",
    "prefectureNumber": 35,
    "prefecture": "山口県",
    "city": "宇部市",
    "town": "藤河内"
  },
  "7541314": {
    "zipcode": "7541314",
    "prefectureCode": "35",
    "prefectureNumber": 35,
    "prefecture": "山口県",
    "city": "宇部市",
    "town": "櫟原"
  },
  "7541315": {
    "zipcode": "7541315",
    "prefectureCode": "35",
    "prefectureNumber": 35,
    "prefecture": "山口県",
    "city": "宇部市",
    "town": "如意寺"
  }
}
